{
	"id": "Sleep_MySlugcat_LH",
	"scene_folder": "scenes/sleep_MySlugcat_LH",
	"images": [
		{
			"name": "Background",
			"pos": [ 672, 236 ],
			"depth": 3.7,
			"shader": "Basic"
		},
		{
			"name": "Grass 1",
			"pos": [ 669, 138 ],
			"depth": 3.0,
			"shader": "Basic"
		},
		{
			"name": "Slugcat",
			"pos": [ 696, 118 ],
			"depth": 2.8,
			"shader": "Basic"
		},
		{
			"name": "Grass 2",
			"pos": [ 677, 63 ],
			"depth": 2.6,
			"shader": "Basic"
		},
		{
			"name": "Grass 3",
			"pos": [ 486, -54 ],
			"depth": 1.8,
			"shader": "Basic"
		}
	],
	"idle_depths": [ 2.8 ],
	"glow_pos": [ 688, 484 ],
	"mark_pos": [ 689, 583 ],
	"select_menu_pos": [ 0, 0 ],
	"slugcat_depth": 2.8
}